meldrumhouse, Meldrum House
Woodlands,Woodlands
Whitecraigs,Whitecraigs
WeeBraids,Wee Braids
TorranceHouse,Torrance House
TheRenaissanceClub,Renaissance
strathtay,Strathtay,https://www.strathtaygolfclub.com/
StrathpefferSpa,Strathpeffer Spa,https://strathpefferspagolfclub.co.uk/,highlands
Stornoway,Stornoway,https://stornowaygolfclub.co.uk/,islands,masters
StrathclydePark,Strathclyde Park,https://www.slleisureandculture.co.uk/info/244/strathclyde_park_golf_course,glasgow
SpeanBridge,Spean Bridge,https://speangolf.co.uk/#,highlands
SouthRonaldsay,South Ronaldsay,https://southronaldsaygolf.com/,islands 
Skeabost,Skeabost,,islands
Silverknowes,Silverknowes,https://www.edinburghleisure.co.uk/venues/silverknowes-golf-course/,edinburgh
Shetland,Shetland,https://www.shetlandgolfclub.co.uk/,islands,masters
Sanquhar,Sanquhar,,south
Sanday,Sanday,,islands 
Saline,Saline,https://salinegc.co.uk/,fife,masters
routenburn,Routenburn,https://www.routenburngolfclub.co.uk/,ayrshire,masters
Rothesay,Rothesay,,islands
Reay,Reay,https://reaygolfclub.com/,highlands,masters
PortpatrickDinvinCourse,Portpatrick Dinvin Course,https://www.portpatrickgolfclub.com/,south
Portobello,Portobello,https://www.edinburghleisure.co.uk/venues/portobello-golf-course/,edinburgh 
PortBannatyne,Port Bannatyne,https://portbannatynegolfclub.co.uk/,islands 
Polkemmet,Polkemmet,https://www.westlothianleisure.com/venues/polkemmet-golf-course-driving-range/,edinburgh 
Palacerigg,Palacerigg,http://palacerigggolfclub.co.uk/index.html,edinburgh 
Orkney,Orkney,https://orkneygolfclub.co.uk/,islands,masters 
NewGalloway,New Galloway,https://newgallowaygolfclub.com/,south 
NewCumnock,New Cumnock,https://members.tripod.com/bob_newcumnock/golf/welcomex.html,ayrshire 
musselburgholdlinks,Musselburgh Old Links,http://www.musselburgholdlinks.co.uk/,edinburgh
Muirkirk,Muirkirk,https://www.muirkirk.org.uk/muirkirk-community-information/muirkirk-golf-club/,ayrshire 
Melville,Melville,https://melvillegolf.com/,edinburgh 
melrose,Melrose,https://melrosegolfclub.co.uk/,borders,masters 
MainsofTaymouth,Mains of Taymouth,https://www.taymouth.co.uk/on-site-facilities/kenmore-golf-course.php,perthshire
Lybster,Lybster,https://lybstergolfclub.co.uk/,highlands,masters
lochview,Lochview,https://www.activenl.co.uk/lochview-family-golf-centre,glasgow
lochranza,Lochranza,https://www.arran-campsite.com/golf/,islands 
troonlochgreen,Troon Lochgreen,https://www.troonlinksgolf.com/#main-content,ayrshire
troondarley,Troon Darley,https://www.troonlinksgolf.com/#main-content,ayrshire
troonfullartor,Troon Fullarton,https://www.troonlinksgolf.com/#main-content,ayrshire
lochgoilhead,Lochgoilhead,https://lochgoilhead.info/golf-club/,islands
Lochgilphead,Lochgilphead,https://www.lochgilpheadgolfclub.co.uk/,islands 
Lochcarron,Lochcarron,https://lochcarrongolfclub.co.uk/,highlands 
LochLomond,Loch Lomond,https://www.lochlomond.com/,glasgow
Lilliesleaf,Lilliesleaf,https://www.dimpleknowe.co.uk/index.php/golf-course,borders 
Leadhills,Leadhills,https://www.leadhillsgolfclub.com/,south 
Lauder,Lauder,https://lauder.golf-club.website/website/index.php,borders 
Larkhall,Larkhall,https://www.slleisureandculture.co.uk/info/243/larkhall_golf_course,glasgow 
Langlands,Langlands,https://www.langlandsgolfclub.co.uk/,glasgow 
Langholm,Langholm,https://www.langholmgolfclub.co.uk/visitors/,south
KylesofBute,Kyles of Bute,https://www.kylesofbutegolfclub.co.uk/visitors,islands 
Kirkcudbright,Kirkcudbright,https://www.kirkcudbrightgolf.co.uk/,south
IsleofHarris,Isle of Harris,https://www.harrisgolf.com/,islands
IsleofGigha,Isle of Gigha,https://www.visitgigha.co.uk/Golf,islands
IrvineRavenspark,Irvine Ravenspark,https://www.irgc.co.uk/,ayrshire
Inveraray,Inveraray,,islands
Innellan,Innellan,https://www.innellangolfclub.co.uk/,islands,masters
Aberfeldy,Aberfeldy,https://www.aberfeldy-golfclub.co.uk/,highlands
craggan,Craggan,https://www.cairngormsactivities.co.uk/golf,highlands
Craigentinny,Craigentinny,https://www.edinburghleisure.co.uk/venues/craigentinny-golf-course/,edinburgh
CraigieHill,CraigieHill,https://www.craigiehill.co.uk/,perthshire
Craigieknowes,Craigieknowes,,edinburgh
Craigielaw,Craigielaw,https://www.craigielawgolfclub.com/,eastlothian
Craignure,Craignure,https://craignuregolfclub.co.uk/,islands
Crichton,Crichton,https://www.crichtongolfclub.com/,south
Culcrieff,Culcrieff,,perthshire
Dalbeattie,Dalbeattie,https://www.dalbeattiegolfclub.co.uk/,south,masters
Dalfaber,Dalfaber,,highlands
dalmuir,dalmuir,https://dalmuirgolf.com/,glasgow
Dalmunzie,Dalmunzie,https://www.dalmunzieestate.com/golf,perthshire
Dollar,Dollar,https://www.dollargolfcourse.com/,central
Westerwood,Westerwood,https://www.thewesterwoodhotel.co.uk/golf/,glasgow
DouglasWater,Douglas Water,https://www.dandaestates.co.uk/golf/douglas-golf.php,glasgow
Dunaverty,Dunaverty,https://www.dunavertygolfclub.com/index.htm,islands
Dunning,Dunning,https://www.dunninggolfclub.co.uk/,perthshire
Durness,Durness,https://www.durnessgolfclub.org/,highlands,masters
MarHall,Mar Hall,https://www.marhall.com/golf/the-course/,glasgow
ForresterParkResort,Forrester Park Resort,https://www.forresterparkresort.com/golf/,fife
FortAugustus,Fort Augustus,,highlands
Foulford,Foulford,https://foulfordinn.co.uk/,perthshire
Gairloch,Gairloch,https://gairlochgolfclub.co.uk/index.html#,highlands
GatehouseofFleet,Gatehouse of Fleet,https://www.gatehousegolfclub.com/website/index.php,south
killermont,killermont,https://www.glasgowgolfclub.com/,glasgow
golfit,Golf It,https://www.golf-it.com/,glasgow
Grangemouth,Grangemouth,https://www.grangemouthgolfclub.co.uk/,fife
hamilton,Hamilton,https://www.hamiltongolfclub.co.uk/,glasgow
Helmsdale,Helmsdale,http://www.helmsdale.org/golf.html,highlands
hiltonpark,Hilton Park - Hilton,https://hiltonpark.net/,glasgow
hiltonparkallander,Hilton Park - Allander,https://hiltonpark.net/,glasgow
HoddomCastle,Hoddom Castle,https://www.hoddomcastle.co.uk/activities,south,
strathpefferspagolfclub,Strathpeffer Spa,https://strathpefferspagolfclub.co.uk/,highlands
leitfie,Leitfie,https://www.strathmoregolf.com/,perthshire
murrayshall,Murrayshall,https://www.murrayshall.co.uk/golf/,perthshire,
Lynedoch,Murrayshall - Lynedoch,https://www.murrayshall.co.uk/golf/,perthshire
standrewsold,St Andrews - Old,https://standrews.com/homepage,fife
standrewsnew,St Andrews - New,https://standrews.com/homepage,fife
standrewsjubilee,St Andrews - Jubilee,https://standrews.com/homepage,fife
standrewseden,St Andrews - Eden,https://standrews.com/homepage,fife
standrewscastle,St Andrews - Castle,https://standrews.com/homepage,fife
standrewsbalgove,St Andrews - Balgove,https://standrews.com/homepage,fife
standrewsStrathtyrum,St Andrews - Strathtyrum,https://standrews.com/homepage,fife
standrewsCraigtoun,St Andrews - Craigtoun,https://standrews.com/homepage,fife
fairmonttorrance,Fairmont - Torrance,https://www.fairmont.com/en/hotels/st-andrews/fairmont-st-andrews/golf.html,fife
fairmontKittocks,Fairmont - Kittocks,https://www.fairmont.com/en/hotels/st-andrews/fairmont-st-andrews/golf.html,fife
ailsa,Turnberry - Ailsa,https://www.turnberry.co.uk/,ayrshire
krtb,Turnberry - King Robert the Bruce,https://www.turnberry.co.uk/,ayrshire
trumpold,Trump International - Old,https://www.trumpgolfscotland.com/,aberdeen
trumpnew,Trump International - New,https://www.trumpgolfscotland.com/,aberdeen
cabotcs,Cabot Highlands - Castle Stuart,https://cabot.com/highlands/,highlands
cabotop,Cabot Highlands - Old Petty,https://cabot.com/highlands/,highlands
crailbalcomie,Crail - Balcomie,https://crailgolfingsociety.co.uk/,fife
crailcraighead,Crail - Craighead,https://crailgolfingsociety.co.uk/,fife
crudenbayso,Cruden Bay - St Olaf,https://crudenbaygolfclub.co.uk/,aberdeen
archerfieldfidra,Archerfield - Fidra,https://archerfieldgolfclub.com/,eastlothian
archerfielddirelton,Archerfield - Dirleton,https://archerfieldgolfclub.com/,eastlothian
gleneagleskings,Gleneagles - Kings,https://gleneagles.com/,perthshire
gleneaglesqueens,Gleneagles - Queens,https://gleneagles.com/,perthshire
gleneaglespga,Gleneagles - PGA,https://gleneagles.com/,perthshire
gleneagleswee,Gleneagles - Wee,https://gleneagles.com/,perthshire
murcarstrathabie,Murcar - Strabathie,https://murcarlinks.com/,aberdeen
dornochstruie,Royal Dornoch - Struie,https://royaldornoch.com/,highlands
royalaberdeensilverburn,Royal Aberdeen - Silverburn,https://www.royalaberdeengolf.com/,aberdeen